{
  "name": "InfluxDBSinkConnector_console",
  "config":
   {
  	"connector.class": "io.confluent.influxdb.InfluxDBSinkConnector",
  	"tasks.max": "1",
  	"topics": "products",
 	"influxdb.url": "http://localhost:8086",
  	"influxdb.bucket": "influxTestDB",
  	"influxdb.org": "my-org",
  	"influxdb.token": "6IsejkpOLhmpbTNCwWUVEM9_xyNML3Ivi48_fuTbeV0Ewqn0oeA29HZkAGMgMv_NaevocqS2NFAeFhM-vn0QYg==",
  	"measurement.name.format": "${topic}",
  	"value.converter": "org.apache.kafka.connect.storage.StringConverter"
  }
}
